,Unnamed: 0,代码,名称,类型,时间,涨幅,净值
1446,1,005669,前海开源公用事业股票,股票型,2021-09-30,4.11,3.1772
1447,1,005669,前海开源公用事业股票,股票型,2021-09-29,-2.6,3.0519
1448,1,005669,前海开源公用事业股票,股票型,2021-09-28,0.08,3.1334
1449,1,005669,前海开源公用事业股票,股票型,2021-09-27,-3.13,3.1309
1450,1,005669,前海开源公用事业股票,股票型,2021-09-24,0.68,3.2319
1451,1,005669,前海开源公用事业股票,股票型,2021-09-23,1.47,3.2101
1452,1,005669,前海开源公用事业股票,股票型,2021-09-22,-0.57,3.1637
1453,1,005669,前海开源公用事业股票,股票型,2021-09-17,-0.08,3.1819
1454,1,005669,前海开源公用事业股票,股票型,2021-09-16,-4.75,3.1845
1455,1,005669,前海开源公用事业股票,股票型,2021-09-15,0.17,3.3434
1456,1,005669,前海开源公用事业股票,股票型,2021-09-14,1.54,3.3377
1457,1,005669,前海开源公用事业股票,股票型,2021-09-13,-0.78,3.2870
1458,1,005669,前海开源公用事业股票,股票型,2021-09-10,0.73,3.3130
1459,1,005669,前海开源公用事业股票,股票型,2021-09-09,1.0,3.2891
1460,1,005669,前海开源公用事业股票,股票型,2021-09-08,-0.48,3.2566
1461,1,005669,前海开源公用事业股票,股票型,2021-09-07,1.95,3.2722
1462,1,005669,前海开源公用事业股票,股票型,2021-09-06,1.66,3.2095
1463,1,005669,前海开源公用事业股票,股票型,2021-09-03,-2.74,3.1571
1464,1,005669,前海开源公用事业股票,股票型,2021-09-02,2.52,3.2462
1465,1,005669,前海开源公用事业股票,股票型,2021-09-01,-4.07,3.1663
1466,1,005669,前海开源公用事业股票,股票型,2021-08-31,1.02,3.3007
1467,1,005669,前海开源公用事业股票,股票型,2021-08-30,2.07,3.2675
1468,1,005669,前海开源公用事业股票,股票型,2021-08-27,1.2,3.2013
1469,1,005669,前海开源公用事业股票,股票型,2021-08-26,-1.17,3.1632
1470,1,005669,前海开源公用事业股票,股票型,2021-08-25,1.54,3.2005
1471,1,005669,前海开源公用事业股票,股票型,2021-08-24,1.0,3.1519
1472,1,005669,前海开源公用事业股票,股票型,2021-08-23,4.42,3.1208
1473,1,005669,前海开源公用事业股票,股票型,2021-08-20,0.09,2.9886
1474,1,005669,前海开源公用事业股票,股票型,2021-08-19,2.42,2.9860
1475,1,005669,前海开源公用事业股票,股票型,2021-08-18,0.03,2.9155
1476,1,005669,前海开源公用事业股票,股票型,2021-08-17,-1.35,2.9145
1477,1,005669,前海开源公用事业股票,股票型,2021-08-16,-4.38,2.9544
1478,1,005669,前海开源公用事业股票,股票型,2021-08-13,-0.41,3.0896
1479,1,005669,前海开源公用事业股票,股票型,2021-08-12,-0.63,3.1023
1480,1,005669,前海开源公用事业股票,股票型,2021-08-11,2.8,3.1220
1481,1,005669,前海开源公用事业股票,股票型,2021-08-10,-1.2,3.0371
1482,1,005669,前海开源公用事业股票,股票型,2021-08-09,-3.02,3.0741
1483,1,005669,前海开源公用事业股票,股票型,2021-08-06,1.49,3.1698
1484,1,005669,前海开源公用事业股票,股票型,2021-08-05,-0.59,3.1234
1485,1,005669,前海开源公用事业股票,股票型,2021-08-04,7.69,3.1418
1486,1,005669,前海开源公用事业股票,股票型,2021-08-03,-4.83,2.9175
1487,1,005669,前海开源公用事业股票,股票型,2021-08-02,1.83,3.0656
1488,1,005669,前海开源公用事业股票,股票型,2021-07-30,2.17,3.0104
1489,1,005669,前海开源公用事业股票,股票型,2021-07-29,6.92,2.9464
1490,1,005669,前海开源公用事业股票,股票型,2021-07-28,0.55,2.7556
1491,1,005669,前海开源公用事业股票,股票型,2021-07-27,-5.04,2.7406
1492,1,005669,前海开源公用事业股票,股票型,2021-07-26,0.35,2.8862
1493,1,005669,前海开源公用事业股票,股票型,2021-07-23,-0.7,2.8760
1494,1,005669,前海开源公用事业股票,股票型,2021-07-22,2.52,2.8964
1495,1,005669,前海开源公用事业股票,股票型,2021-07-21,5.41,2.8253
1496,1,005669,前海开源公用事业股票,股票型,2021-07-20,1.07,2.6804
1497,1,005669,前海开源公用事业股票,股票型,2021-07-19,-1.41,2.6520
1498,1,005669,前海开源公用事业股票,股票型,2021-07-16,-2.37,2.6900
1499,1,005669,前海开源公用事业股票,股票型,2021-07-15,3.58,2.7552
1500,1,005669,前海开源公用事业股票,股票型,2021-07-14,-4.09,2.6601
1501,1,005669,前海开源公用事业股票,股票型,2021-07-13,0.55,2.7734
1502,1,005669,前海开源公用事业股票,股票型,2021-07-12,4.23,2.7583
1503,1,005669,前海开源公用事业股票,股票型,2021-07-09,1.36,2.6464
1504,1,005669,前海开源公用事业股票,股票型,2021-07-08,0.69,2.6110
1505,1,005669,前海开源公用事业股票,股票型,2021-07-07,5.4,2.5932
1506,1,005669,前海开源公用事业股票,股票型,2021-07-06,-1.42,2.4603
1507,1,005669,前海开源公用事业股票,股票型,2021-07-05,2.99,2.4957
1508,1,005669,前海开源公用事业股票,股票型,2021-07-02,1.17,2.4233
1509,1,005669,前海开源公用事业股票,股票型,2021-07-01,-0.27,2.3952
1510,1,005669,前海开源公用事业股票,股票型,2021-06-30,1.98,2.4016
1511,1,005669,前海开源公用事业股票,股票型,2021-06-29,1.77,2.3549
1512,1,005669,前海开源公用事业股票,股票型,2021-06-28,1.6,2.3140
1513,1,005669,前海开源公用事业股票,股票型,2021-06-25,0.76,2.2775
1514,1,005669,前海开源公用事业股票,股票型,2021-06-24,-0.24,2.2603
1515,1,005669,前海开源公用事业股票,股票型,2021-06-23,2.59,2.2658
1516,1,005669,前海开源公用事业股票,股票型,2021-06-22,0.51,2.2085
1517,1,005669,前海开源公用事业股票,股票型,2021-06-21,3.37,2.1973
1518,1,005669,前海开源公用事业股票,股票型,2021-06-18,5.13,2.1257
1519,1,005669,前海开源公用事业股票,股票型,2021-06-17,2.41,2.0220
1520,1,005669,前海开源公用事业股票,股票型,2021-06-16,-4.65,1.9745
1521,1,005669,前海开源公用事业股票,股票型,2021-06-15,-1.09,2.0708
1522,1,005669,前海开源公用事业股票,股票型,2021-06-11,1.56,2.0937
1523,1,005669,前海开源公用事业股票,股票型,2021-06-10,4.91,2.0615
1524,1,005669,前海开源公用事业股票,股票型,2021-06-09,0.39,1.9650
1525,1,005669,前海开源公用事业股票,股票型,2021-06-08,0.01,1.9574
1526,1,005669,前海开源公用事业股票,股票型,2021-06-07,-1.21,1.9572
1527,1,005669,前海开源公用事业股票,股票型,2021-06-04,2.23,1.9812
1528,1,005669,前海开源公用事业股票,股票型,2021-06-03,-1.12,1.9380
1529,1,005669,前海开源公用事业股票,股票型,2021-06-02,-0.55,1.9599
1530,1,005669,前海开源公用事业股票,股票型,2021-06-01,-0.37,1.9708
1531,1,005669,前海开源公用事业股票,股票型,2021-05-31,5.85,1.9781
1532,1,005669,前海开源公用事业股票,股票型,2021-05-28,5.52,1.8688
1533,1,005669,前海开源公用事业股票,股票型,2021-05-27,0.36,1.7711
1534,1,005669,前海开源公用事业股票,股票型,2021-05-26,-0.47,1.7648
1535,1,005669,前海开源公用事业股票,股票型,2021-05-25,0.4,1.7732
1536,1,005669,前海开源公用事业股票,股票型,2021-05-24,1.37,1.7662
1537,1,005669,前海开源公用事业股票,股票型,2021-05-21,1.75,1.7424
1538,1,005669,前海开源公用事业股票,股票型,2021-05-20,-0.15,1.7125
1539,1,005669,前海开源公用事业股票,股票型,2021-05-19,3.85,1.7151
1540,1,005669,前海开源公用事业股票,股票型,2021-05-18,0.26,1.6515
1541,1,005669,前海开源公用事业股票,股票型,2021-05-17,2.85,1.6473
1542,1,005669,前海开源公用事业股票,股票型,2021-05-14,2.78,1.6016
1543,1,005669,前海开源公用事业股票,股票型,2021-05-13,-1.0,1.5583
1544,1,005669,前海开源公用事业股票,股票型,2021-05-12,0.47,1.5741
1545,1,005669,前海开源公用事业股票,股票型,2021-05-11,-2.86,1.5668
1546,1,005669,前海开源公用事业股票,股票型,2021-05-10,1.61,1.6130
1547,1,005669,前海开源公用事业股票,股票型,2021-05-07,-3.11,1.5874
1548,1,005669,前海开源公用事业股票,股票型,2021-05-06,1.27,1.6383
1549,1,005669,前海开源公用事业股票,股票型,2021-04-30,1.21,1.6178
1550,1,005669,前海开源公用事业股票,股票型,2021-04-29,-0.27,1.5985
1551,1,005669,前海开源公用事业股票,股票型,2021-04-28,1.15,1.6028
1552,1,005669,前海开源公用事业股票,股票型,2021-04-27,-0.66,1.5846
1553,1,005669,前海开源公用事业股票,股票型,2021-04-26,-0.97,1.5951
1554,1,005669,前海开源公用事业股票,股票型,2021-04-23,0.79,1.6108
1555,1,005669,前海开源公用事业股票,股票型,2021-04-22,1.08,1.5981
1556,1,005669,前海开源公用事业股票,股票型,2021-04-21,-1.39,1.5810
1557,1,005669,前海开源公用事业股票,股票型,2021-04-20,0.16,1.6033
1558,1,005669,前海开源公用事业股票,股票型,2021-04-19,4.96,1.6008
1559,1,005669,前海开源公用事业股票,股票型,2021-04-16,0.75,1.5251
1560,1,005669,前海开源公用事业股票,股票型,2021-04-15,0.66,1.5138
1561,1,005669,前海开源公用事业股票,股票型,2021-04-14,3.86,1.5039
1562,1,005669,前海开源公用事业股票,股票型,2021-04-13,0.15,1.4480
1563,1,005669,前海开源公用事业股票,股票型,2021-04-12,-2.32,1.4459
1564,1,005669,前海开源公用事业股票,股票型,2021-04-09,-0.88,1.4803
1565,1,005669,前海开源公用事业股票,股票型,2021-04-08,-0.92,1.4934
1566,1,005669,前海开源公用事业股票,股票型,2021-04-07,-0.99,1.5073
1567,1,005669,前海开源公用事业股票,股票型,2021-04-06,0.4,1.5224
1568,1,005669,前海开源公用事业股票,股票型,2021-04-02,0.32,1.5164
1569,1,005669,前海开源公用事业股票,股票型,2021-04-01,1.15,1.5116
1570,1,005669,前海开源公用事业股票,股票型,2021-03-31,-0.12,1.4944
1571,1,005669,前海开源公用事业股票,股票型,2021-03-30,1.55,1.4962
1572,1,005669,前海开源公用事业股票,股票型,2021-03-29,0.37,1.4734
1573,1,005669,前海开源公用事业股票,股票型,2021-03-26,4.17,1.4680
1574,1,005669,前海开源公用事业股票,股票型,2021-03-25,0.8,1.4092
1575,1,005669,前海开源公用事业股票,股票型,2021-03-24,-2.37,1.3980
1576,1,005669,前海开源公用事业股票,股票型,2021-03-23,-3.76,1.4320
1577,1,005669,前海开源公用事业股票,股票型,2021-03-22,0.81,1.4879
1578,1,005669,前海开源公用事业股票,股票型,2021-03-19,-2.54,1.4760
1579,1,005669,前海开源公用事业股票,股票型,2021-03-18,0.62,1.5145
1580,1,005669,前海开源公用事业股票,股票型,2021-03-17,1.8,1.5051
1581,1,005669,前海开源公用事业股票,股票型,2021-03-16,1.18,1.4785
1582,1,005669,前海开源公用事业股票,股票型,2021-03-15,-2.52,1.4612
1583,1,005669,前海开源公用事业股票,股票型,2021-03-12,0.05,1.4989
1584,1,005669,前海开源公用事业股票,股票型,2021-03-11,1.63,1.4982
1585,1,005669,前海开源公用事业股票,股票型,2021-03-10,0.93,1.4742
1586,1,005669,前海开源公用事业股票,股票型,2021-03-09,0.21,1.4606
1587,1,005669,前海开源公用事业股票,股票型,2021-03-08,-4.39,1.4575
1588,1,005669,前海开源公用事业股票,股票型,2021-03-05,0.32,1.5245
1589,1,005669,前海开源公用事业股票,股票型,2021-03-04,-5.42,1.5196
1590,1,005669,前海开源公用事业股票,股票型,2021-03-03,1.43,1.6067
1591,1,005669,前海开源公用事业股票,股票型,2021-03-02,-0.88,1.5841
1592,1,005669,前海开源公用事业股票,股票型,2021-03-01,3.51,1.5981
1593,1,005669,前海开源公用事业股票,股票型,2021-02-26,-1.47,1.5439
1594,1,005669,前海开源公用事业股票,股票型,2021-02-25,-1.38,1.5670
1595,1,005669,前海开源公用事业股票,股票型,2021-02-24,-4.04,1.5890
1596,1,005669,前海开源公用事业股票,股票型,2021-02-23,-1.47,1.6559
1597,1,005669,前海开源公用事业股票,股票型,2021-02-22,-1.21,1.6806
1598,1,005669,前海开源公用事业股票,股票型,2021-02-19,-1.77,1.7011
1599,1,005669,前海开源公用事业股票,股票型,2021-02-18,-1.17,1.7317
1600,1,005669,前海开源公用事业股票,股票型,2021-02-10,1.52,1.7522
1601,1,005669,前海开源公用事业股票,股票型,2021-02-09,3.56,1.7259
1602,1,005669,前海开源公用事业股票,股票型,2021-02-08,-0.29,1.6666
1603,1,005669,前海开源公用事业股票,股票型,2021-02-05,-3.53,1.6714
1604,1,005669,前海开源公用事业股票,股票型,2021-02-04,-2.84,1.7326
1605,1,005669,前海开源公用事业股票,股票型,2021-02-03,-1.34,1.7833
1606,1,005669,前海开源公用事业股票,股票型,2021-02-02,2.56,1.8075
1607,1,005669,前海开源公用事业股票,股票型,2021-02-01,-1.51,1.7623
1608,1,005669,前海开源公用事业股票,股票型,2021-01-29,-1.19,1.7894
1609,1,005669,前海开源公用事业股票,股票型,2021-01-28,-4.7,1.8109
1610,1,005669,前海开源公用事业股票,股票型,2021-01-27,2.19,1.9002
1611,1,005669,前海开源公用事业股票,股票型,2021-01-26,-2.62,1.8595
1612,1,005669,前海开源公用事业股票,股票型,2021-01-25,0.16,1.9095
1613,1,005669,前海开源公用事业股票,股票型,2021-01-22,2.04,1.9064
1614,1,005669,前海开源公用事业股票,股票型,2021-01-21,3.31,1.8682
1615,1,005669,前海开源公用事业股票,股票型,2021-01-20,6.91,1.8083
1616,1,005669,前海开源公用事业股票,股票型,2021-01-19,-2.57,1.6914
1617,1,005669,前海开源公用事业股票,股票型,2021-01-18,0.64,1.7361
1618,1,005669,前海开源公用事业股票,股票型,2021-01-15,1.48,1.7250
1619,1,005669,前海开源公用事业股票,股票型,2021-01-14,-3.56,1.6998
1620,1,005669,前海开源公用事业股票,股票型,2021-01-13,-1.79,1.7626
1621,1,005669,前海开源公用事业股票,股票型,2021-01-12,3.43,1.7948
1622,1,005669,前海开源公用事业股票,股票型,2021-01-11,-4.57,1.7353
1623,1,005669,前海开源公用事业股票,股票型,2021-01-08,-1.17,1.8184
1624,1,005669,前海开源公用事业股票,股票型,2021-01-07,2.93,1.8400
1625,1,005669,前海开源公用事业股票,股票型,2021-01-06,-0.7,1.7876
1626,1,005669,前海开源公用事业股票,股票型,2021-01-05,0.4,1.8002
1627,1,005669,前海开源公用事业股票,股票型,2021-01-04,7.92,1.7930
1628,1,005669,前海开源公用事业股票,股票型,2020-12-31,2.9,1.6614
1629,1,005669,前海开源公用事业股票,股票型,2020-12-30,2.87,1.6145
1630,1,005669,前海开源公用事业股票,股票型,2020-12-29,-5.88,1.5695
1631,1,005669,前海开源公用事业股票,股票型,2020-12-28,-0.55,1.6675
1632,1,005669,前海开源公用事业股票,股票型,2020-12-25,5.02,1.6768
1633,1,005669,前海开源公用事业股票,股票型,2020-12-24,-1.69,1.5966
1634,1,005669,前海开源公用事业股票,股票型,2020-12-23,2.17,1.6241
1635,1,005669,前海开源公用事业股票,股票型,2020-12-22,-2.36,1.5896
1636,1,005669,前海开源公用事业股票,股票型,2020-12-21,3.97,1.6281
1637,1,005669,前海开源公用事业股票,股票型,2020-12-18,2.21,1.5660
1638,1,005669,前海开源公用事业股票,股票型,2020-12-17,1.48,1.5322
1639,1,005669,前海开源公用事业股票,股票型,2020-12-16,0.32,1.5098
1640,1,005669,前海开源公用事业股票,股票型,2020-12-15,2.23,1.5050
1641,1,005669,前海开源公用事业股票,股票型,2020-12-14,4.04,1.4721
1642,1,005669,前海开源公用事业股票,股票型,2020-12-11,-0.2,1.4149
1643,1,005669,前海开源公用事业股票,股票型,2020-12-10,2.23,1.4178
1644,1,005669,前海开源公用事业股票,股票型,2020-12-09,-1.97,1.3869
1645,1,005669,前海开源公用事业股票,股票型,2020-12-08,1.68,1.4147
1646,1,005669,前海开源公用事业股票,股票型,2020-12-07,1.85,1.3913
1647,1,005669,前海开源公用事业股票,股票型,2020-12-04,1.53,1.3660
1648,1,005669,前海开源公用事业股票,股票型,2020-12-03,0.01,1.3454
1649,1,005669,前海开源公用事业股票,股票型,2020-12-02,-1.01,1.3453
1650,1,005669,前海开源公用事业股票,股票型,2020-12-01,2.29,1.3590
1651,1,005669,前海开源公用事业股票,股票型,2020-11-30,0.45,1.3286
1652,1,005669,前海开源公用事业股票,股票型,2020-11-27,-0.95,1.3226
1653,1,005669,前海开源公用事业股票,股票型,2020-11-26,-1.29,1.3353
1654,1,005669,前海开源公用事业股票,股票型,2020-11-25,-1.63,1.3528
1655,1,005669,前海开源公用事业股票,股票型,2020-11-24,2.0,1.3752
1656,1,005669,前海开源公用事业股票,股票型,2020-11-23,2.81,1.3483
1657,1,005669,前海开源公用事业股票,股票型,2020-11-20,2.08,1.3114
1658,1,005669,前海开源公用事业股票,股票型,2020-11-19,1.05,1.2847
1659,1,005669,前海开源公用事业股票,股票型,2020-11-18,-0.42,1.2713
1660,1,005669,前海开源公用事业股票,股票型,2020-11-17,-2.5,1.2767
1661,1,005669,前海开源公用事业股票,股票型,2020-11-16,-0.66,1.3095
1662,1,005669,前海开源公用事业股票,股票型,2020-11-13,-0.48,1.3182
1663,1,005669,前海开源公用事业股票,股票型,2020-11-12,1.05,1.3246
1664,1,005669,前海开源公用事业股票,股票型,2020-11-11,-2.87,1.3108
1665,1,005669,前海开源公用事业股票,股票型,2020-11-10,0.53,1.3495
1666,1,005669,前海开源公用事业股票,股票型,2020-11-09,1.21,1.3424
1667,1,005669,前海开源公用事业股票,股票型,2020-11-06,-2.56,1.3264
1668,1,005669,前海开源公用事业股票,股票型,2020-11-05,5.12,1.3613
1669,1,005669,前海开源公用事业股票,股票型,2020-11-04,-1.57,1.2950
1670,1,005669,前海开源公用事业股票,股票型,2020-11-03,-0.34,1.3157
1671,1,005669,前海开源公用事业股票,股票型,2020-11-02,3.42,1.3202
1672,1,005669,前海开源公用事业股票,股票型,2020-10-30,0.83,1.2765
1673,1,005669,前海开源公用事业股票,股票型,2020-10-29,0.49,1.2660
1674,1,005669,前海开源公用事业股票,股票型,2020-10-28,1.57,1.2598
1675,1,005669,前海开源公用事业股票,股票型,2020-10-27,2.07,1.2403
1676,1,005669,前海开源公用事业股票,股票型,2020-10-26,1.78,1.2151
1677,1,005669,前海开源公用事业股票,股票型,2020-10-23,-1.23,1.1939
1678,1,005669,前海开源公用事业股票,股票型,2020-10-22,-1.21,1.2088
1679,1,005669,前海开源公用事业股票,股票型,2020-10-21,-1.2,1.2236
1680,1,005669,前海开源公用事业股票,股票型,2020-10-20,2.68,1.2384
1681,1,005669,前海开源公用事业股票,股票型,2020-10-19,-2.96,1.2061
1682,1,005669,前海开源公用事业股票,股票型,2020-10-16,-1.36,1.2429
1683,1,005669,前海开源公用事业股票,股票型,2020-10-15,-1.55,1.2600
1684,1,005669,前海开源公用事业股票,股票型,2020-10-14,0.2,1.2799
1685,1,005669,前海开源公用事业股票,股票型,2020-10-13,0.45,1.2773
1686,1,005669,前海开源公用事业股票,股票型,2020-10-12,3.06,1.2716
1687,1,005669,前海开源公用事业股票,股票型,2020-10-09,5.83,1.2338
1688,1,005669,前海开源公用事业股票,股票型,2020-09-30,0.99,1.1658
1689,1,005669,前海开源公用事业股票,股票型,2020-09-29,1.58,1.1544
1690,1,005669,前海开源公用事业股票,股票型,2020-09-28,1.97,1.1364
1691,1,005669,前海开源公用事业股票,股票型,2020-09-25,-0.68,1.1145
1692,1,005669,前海开源公用事业股票,股票型,2020-09-24,-3.24,1.1221
1693,1,005669,前海开源公用事业股票,股票型,2020-09-23,3.78,1.1597
1694,1,005669,前海开源公用事业股票,股票型,2020-09-22,-2.16,1.1175
1695,1,005669,前海开源公用事业股票,股票型,2020-09-21,-0.89,1.1422
1696,1,005669,前海开源公用事业股票,股票型,2020-09-18,0.48,1.1525
1697,1,005669,前海开源公用事业股票,股票型,2020-09-17,0.67,1.1470
1698,1,005669,前海开源公用事业股票,股票型,2020-09-16,0.85,1.1394
1699,1,005669,前海开源公用事业股票,股票型,2020-09-15,-0.03,1.1298
1700,1,005669,前海开源公用事业股票,股票型,2020-09-14,2.46,1.1301
1701,1,005669,前海开源公用事业股票,股票型,2020-09-11,4.98,1.1030
1702,1,005669,前海开源公用事业股票,股票型,2020-09-10,-1.13,1.0507
1703,1,005669,前海开源公用事业股票,股票型,2020-09-09,-2.3,1.0627
1704,1,005669,前海开源公用事业股票,股票型,2020-09-08,0.91,1.0877
1705,1,005669,前海开源公用事业股票,股票型,2020-09-07,-2.39,1.0779
1706,1,005669,前海开源公用事业股票,股票型,2020-09-04,-0.74,1.1043
1707,1,005669,前海开源公用事业股票,股票型,2020-09-03,-2.0,1.1125
1708,1,005669,前海开源公用事业股票,股票型,2020-09-02,0.94,1.1352
1709,1,005669,前海开源公用事业股票,股票型,2020-09-01,2.34,1.1246
1710,1,005669,前海开源公用事业股票,股票型,2020-08-31,-0.45,1.0989
1711,1,005669,前海开源公用事业股票,股票型,2020-08-28,1.31,1.1039
1712,1,005669,前海开源公用事业股票,股票型,2020-08-27,1.24,1.0896
1713,1,005669,前海开源公用事业股票,股票型,2020-08-26,-0.74,1.0763
1714,1,005669,前海开源公用事业股票,股票型,2020-08-25,0.44,1.0843
1715,1,005669,前海开源公用事业股票,股票型,2020-08-24,1.98,1.0796
1716,1,005669,前海开源公用事业股票,股票型,2020-08-21,1.38,1.0586
1717,1,005669,前海开源公用事业股票,股票型,2020-08-20,-1.59,1.0442
1718,1,005669,前海开源公用事业股票,股票型,2020-08-19,-2.12,1.0611
1719,1,005669,前海开源公用事业股票,股票型,2020-08-18,1.44,1.0841
1720,1,005669,前海开源公用事业股票,股票型,2020-08-17,0.36,1.0687
1721,1,005669,前海开源公用事业股票,股票型,2020-08-14,0.74,1.0649
1722,1,005669,前海开源公用事业股票,股票型,2020-08-13,0.19,1.0571
1723,1,005669,前海开源公用事业股票,股票型,2020-08-12,-1.77,1.0551
1724,1,005669,前海开源公用事业股票,股票型,2020-08-11,-0.33,1.0741
1725,1,005669,前海开源公用事业股票,股票型,2020-08-10,0.65,1.0777
1726,1,005669,前海开源公用事业股票,股票型,2020-08-07,-0.44,1.0707
1727,1,005669,前海开源公用事业股票,股票型,2020-08-06,-1.5,1.0754
1728,1,005669,前海开源公用事业股票,股票型,2020-08-05,0.3,1.0918
1729,1,005669,前海开源公用事业股票,股票型,2020-08-04,-0.23,1.0885
1730,1,005669,前海开源公用事业股票,股票型,2020-08-03,0.26,1.0910
1731,1,005669,前海开源公用事业股票,股票型,2020-07-31,0.64,1.0882
1732,1,005669,前海开源公用事业股票,股票型,2020-07-30,1.18,1.0813
1733,1,005669,前海开源公用事业股票,股票型,2020-07-29,1.38,1.0687
1734,1,005669,前海开源公用事业股票,股票型,2020-07-28,-0.71,1.0542
1735,1,005669,前海开源公用事业股票,股票型,2020-07-27,1.38,1.0617
1736,1,005669,前海开源公用事业股票,股票型,2020-07-24,-2.78,1.0473
1737,1,005669,前海开源公用事业股票,股票型,2020-07-23,1.46,1.0773
1738,1,005669,前海开源公用事业股票,股票型,2020-07-22,-0.62,1.0618
1739,1,005669,前海开源公用事业股票,股票型,2020-07-21,0.5,1.0684
1740,1,005669,前海开源公用事业股票,股票型,2020-07-20,1.34,1.0631
1741,1,005669,前海开源公用事业股票,股票型,2020-07-17,0.61,1.0490
1742,1,005669,前海开源公用事业股票,股票型,2020-07-16,-2.18,1.0426
1743,1,005669,前海开源公用事业股票,股票型,2020-07-15,0.09,1.0658
1744,1,005669,前海开源公用事业股票,股票型,2020-07-14,-0.27,1.0648
1745,1,005669,前海开源公用事业股票,股票型,2020-07-13,1.21,1.0677
1746,1,005669,前海开源公用事业股票,股票型,2020-07-10,-0.86,1.0549
1747,1,005669,前海开源公用事业股票,股票型,2020-07-09,1.11,1.0641
1748,1,005669,前海开源公用事业股票,股票型,2020-07-08,0.57,1.0524
1749,1,005669,前海开源公用事业股票,股票型,2020-07-07,-0.18,1.0464
1750,1,005669,前海开源公用事业股票,股票型,2020-07-06,1.97,1.0483
1751,1,005669,前海开源公用事业股票,股票型,2020-07-03,0.43,1.0280
1752,1,005669,前海开源公用事业股票,股票型,2020-07-02,0.96,1.0236
1753,1,005669,前海开源公用事业股票,股票型,2020-07-01,0.98,1.0139
1754,1,005669,前海开源公用事业股票,股票型,2020-06-30,0.53,1.0041
1755,1,005669,前海开源公用事业股票,股票型,2020-06-29,-0.76,0.9988
1756,1,005669,前海开源公用事业股票,股票型,2020-06-24,0.04,1.0064
1757,1,005669,前海开源公用事业股票,股票型,2020-06-23,0.32,1.0060
1758,1,005669,前海开源公用事业股票,股票型,2020-06-22,-0.22,1.0028
1759,1,005669,前海开源公用事业股票,股票型,2020-06-19,0.03,1.0050
1760,1,005669,前海开源公用事业股票,股票型,2020-06-18,0.38,1.0047
1761,1,005669,前海开源公用事业股票,股票型,2020-06-17,0.05,1.0009
1762,1,005669,前海开源公用事业股票,股票型,2020-06-16,1.01,1.0004
1763,1,005669,前海开源公用事业股票,股票型,2020-06-15,-1.16,0.9904
1764,1,005669,前海开源公用事业股票,股票型,2020-06-12,-0.19,1.0020
1765,1,005669,前海开源公用事业股票,股票型,2020-06-11,-1.19,1.0039
1766,1,005669,前海开源公用事业股票,股票型,2020-06-10,-0.35,1.0160
1767,1,005669,前海开源公用事业股票,股票型,2020-06-09,0.85,1.0196
1768,1,005669,前海开源公用事业股票,股票型,2020-06-08,-0.16,1.0110
1769,1,005669,前海开源公用事业股票,股票型,2020-06-05,0.6,1.0126
1770,1,005669,前海开源公用事业股票,股票型,2020-06-04,-0.88,1.0066
1771,1,005669,前海开源公用事业股票,股票型,2020-06-03,-0.3,1.0155
1772,1,005669,前海开源公用事业股票,股票型,2020-06-02,-0.36,1.0186
1773,1,005669,前海开源公用事业股票,股票型,2020-06-01,1.64,1.0223
1774,1,005669,前海开源公用事业股票,股票型,2020-05-29,1.06,1.0058
1775,1,005669,前海开源公用事业股票,股票型,2020-05-28,-0.14,0.9953
1776,1,005669,前海开源公用事业股票,股票型,2020-05-27,-0.03,0.9967
1777,1,005669,前海开源公用事业股票,股票型,2020-05-26,0.96,0.9970
1778,1,005669,前海开源公用事业股票,股票型,2020-05-25,0.81,0.9875
1779,1,005669,前海开源公用事业股票,股票型,2020-05-22,-1.33,0.9796
1780,1,005669,前海开源公用事业股票,股票型,2020-05-21,-0.6,0.9928
1781,1,005669,前海开源公用事业股票,股票型,2020-05-20,-0.77,0.9988
1782,1,005669,前海开源公用事业股票,股票型,2020-05-19,0.29,1.0066
1783,1,005669,前海开源公用事业股票,股票型,2020-05-18,0.28,1.0037
1784,1,005669,前海开源公用事业股票,股票型,2020-05-15,1.14,1.0009
1785,1,005669,前海开源公用事业股票,股票型,2020-05-14,-0.36,0.9896
1786,1,005669,前海开源公用事业股票,股票型,2020-05-13,0.02,0.9932
1787,1,005669,前海开源公用事业股票,股票型,2020-05-12,-0.18,0.9930
1788,1,005669,前海开源公用事业股票,股票型,2020-05-11,0.01,0.9948
1789,1,005669,前海开源公用事业股票,股票型,2020-05-08,0.3,0.9947
1790,1,005669,前海开源公用事业股票,股票型,2020-05-07,-0.31,0.9917
1791,1,005669,前海开源公用事业股票,股票型,2020-05-06,-0.67,0.9948
1792,1,005669,前海开源公用事业股票,股票型,2020-04-30,0.24,1.0015
1793,1,005669,前海开源公用事业股票,股票型,2020-04-29,0.46,0.9991
1794,1,005669,前海开源公用事业股票,股票型,2020-04-28,0.54,0.9945
1795,1,005669,前海开源公用事业股票,股票型,2020-04-27,1.29,0.9892
1796,1,005669,前海开源公用事业股票,股票型,2020-04-24,-0.02,0.9766
1797,1,005669,前海开源公用事业股票,股票型,2020-04-23,0.4,0.9768
1798,1,005669,前海开源公用事业股票,股票型,2020-04-22,0.72,0.9729
1799,1,005669,前海开源公用事业股票,股票型,2020-04-21,-1.14,0.9659
1800,1,005669,前海开源公用事业股票,股票型,2020-04-20,-0.32,0.9770
1801,1,005669,前海开源公用事业股票,股票型,2020-04-17,1.23,0.9801
1802,1,005669,前海开源公用事业股票,股票型,2020-04-16,0.24,0.9682
1803,1,005669,前海开源公用事业股票,股票型,2020-04-15,-0.16,0.9659
1804,1,005669,前海开源公用事业股票,股票型,2020-04-14,1.31,0.9674
1805,1,005669,前海开源公用事业股票,股票型,2020-04-13,-0.83,0.9549
1806,1,005669,前海开源公用事业股票,股票型,2020-04-10,-0.59,0.9629
1807,1,005669,前海开源公用事业股票,股票型,2020-04-09,0.16,0.9686
1808,1,005669,前海开源公用事业股票,股票型,2020-04-08,-0.76,0.9671
1809,1,005669,前海开源公用事业股票,股票型,2020-04-07,1.27,0.9745
1810,1,005669,前海开源公用事业股票,股票型,2020-04-03,0.67,0.9623
1811,1,005669,前海开源公用事业股票,股票型,2020-04-02,1.3,0.9559
1812,1,005669,前海开源公用事业股票,股票型,2020-04-01,-0.68,0.9436
1813,1,005669,前海开源公用事业股票,股票型,2020-03-31,1.57,0.9501
1814,1,005669,前海开源公用事业股票,股票型,2020-03-30,-1.21,0.9354
1815,1,005669,前海开源公用事业股票,股票型,2020-03-27,0.74,0.9469
1816,1,005669,前海开源公用事业股票,股票型,2020-03-26,-0.42,0.9399
1817,1,005669,前海开源公用事业股票,股票型,2020-03-25,1.98,0.9439
1818,1,005669,前海开源公用事业股票,股票型,2020-03-24,2.23,0.9256
1819,1,005669,前海开源公用事业股票,股票型,2020-03-23,-2.28,0.9054
1820,1,005669,前海开源公用事业股票,股票型,2020-03-20,2.96,0.9265
1821,1,005669,前海开源公用事业股票,股票型,2020-03-19,-2.15,0.8999
1822,1,005669,前海开源公用事业股票,股票型,2020-03-18,-0.86,0.9197
1823,1,005669,前海开源公用事业股票,股票型,2020-03-17,-0.93,0.9277
1824,1,005669,前海开源公用事业股票,股票型,2020-03-16,-2.98,0.9364
1825,1,005669,前海开源公用事业股票,股票型,2020-03-13,-1.48,0.9652
1826,1,005669,前海开源公用事业股票,股票型,2020-03-12,-1.67,0.9797
1827,1,005669,前海开源公用事业股票,股票型,2020-03-11,0.04,0.9963
1828,1,005669,前海开源公用事业股票,股票型,2020-03-10,1.14,0.9959
1829,1,005669,前海开源公用事业股票,股票型,2020-03-09,-2.48,0.9847
1830,1,005669,前海开源公用事业股票,股票型,2020-03-06,-1.38,1.0097
1831,1,005669,前海开源公用事业股票,股票型,2020-03-05,1.28,1.0238
1832,1,005669,前海开源公用事业股票,股票型,2020-03-04,0.35,1.0109
1833,1,005669,前海开源公用事业股票,股票型,2020-03-03,0.36,1.0074
1834,1,005669,前海开源公用事业股票,股票型,2020-03-02,1.07,1.0038
1835,1,005669,前海开源公用事业股票,股票型,2020-02-28,-2.26,0.9932
1836,1,005669,前海开源公用事业股票,股票型,2020-02-27,0.67,1.0162
1837,1,005669,前海开源公用事业股票,股票型,2020-02-26,-1.33,1.0094
1838,1,005669,前海开源公用事业股票,股票型,2020-02-25,-0.96,1.0230
1839,1,005669,前海开源公用事业股票,股票型,2020-02-24,-1.07,1.0329
1840,1,005669,前海开源公用事业股票,股票型,2020-02-21,-0.07,1.0441
1841,1,005669,前海开源公用事业股票,股票型,2020-02-20,0.74,1.0448
1842,1,005669,前海开源公用事业股票,股票型,2020-02-19,-0.29,1.0371
1843,1,005669,前海开源公用事业股票,股票型,2020-02-18,-0.01,1.0401
1844,1,005669,前海开源公用事业股票,股票型,2020-02-17,0.96,1.0402
1845,1,005669,前海开源公用事业股票,股票型,2020-02-14,-0.13,1.0303
1846,1,005669,前海开源公用事业股票,股票型,2020-02-13,-0.57,1.0316
1847,1,005669,前海开源公用事业股票,股票型,2020-02-12,1.6,1.0375
1848,1,005669,前海开源公用事业股票,股票型,2020-02-11,0.06,1.0212
1849,1,005669,前海开源公用事业股票,股票型,2020-02-10,0.01,1.0206
1850,1,005669,前海开源公用事业股票,股票型,2020-02-07,0.24,1.0205
1851,1,005669,前海开源公用事业股票,股票型,2020-02-06,0.42,1.0181
1852,1,005669,前海开源公用事业股票,股票型,2020-02-05,0.2,1.0138
1853,1,005669,前海开源公用事业股票,股票型,2020-02-04,2.21,1.0118
1854,1,005669,前海开源公用事业股票,股票型,2020-02-03,-3.59,0.9899
1855,1,005669,前海开源公用事业股票,股票型,2020-01-23,-1.21,1.0268
1856,1,005669,前海开源公用事业股票,股票型,2020-01-22,0.43,1.0394
1857,1,005669,前海开源公用事业股票,股票型,2020-01-21,-1.01,1.0350
1858,1,005669,前海开源公用事业股票,股票型,2020-01-20,-0.18,1.0456
1859,1,005669,前海开源公用事业股票,股票型,2020-01-17,-0.21,1.0475
1860,1,005669,前海开源公用事业股票,股票型,2020-01-16,-0.19,1.0497
1861,1,005669,前海开源公用事业股票,股票型,2020-01-15,-0.53,1.0517
1862,1,005669,前海开源公用事业股票,股票型,2020-01-14,-0.09,1.0573
1863,1,005669,前海开源公用事业股票,股票型,2020-01-13,0.09,1.0582
1864,1,005669,前海开源公用事业股票,股票型,2020-01-10,-0.2,1.0573
1865,1,005669,前海开源公用事业股票,股票型,2020-01-09,0.9,1.0594
1866,1,005669,前海开源公用事业股票,股票型,2020-01-08,-0.88,1.0500
1867,1,005669,前海开源公用事业股票,股票型,2020-01-07,0.37,1.0593
1868,1,005669,前海开源公用事业股票,股票型,2020-01-06,-0.6,1.0554
1869,1,005669,前海开源公用事业股票,股票型,2020-01-03,-0.12,1.0618
1870,1,005669,前海开源公用事业股票,股票型,2020-01-02,0.45,1.0631
1871,1,005669,前海开源公用事业股票,股票型,2019-12-31,0.0,1.0583
1872,1,005669,前海开源公用事业股票,股票型,2019-12-30,0.42,1.0583
1873,1,005669,前海开源公用事业股票,股票型,2019-12-27,0.19,1.0539
1874,1,005669,前海开源公用事业股票,股票型,2019-12-26,-0.12,1.0519
1875,1,005669,前海开源公用事业股票,股票型,2019-12-25,-0.07,1.0532
1876,1,005669,前海开源公用事业股票,股票型,2019-12-24,0.06,1.0539
1877,1,005669,前海开源公用事业股票,股票型,2019-12-23,-0.27,1.0533
1878,1,005669,前海开源公用事业股票,股票型,2019-12-20,-0.56,1.0561
1879,1,005669,前海开源公用事业股票,股票型,2019-12-19,0.14,1.0621
1880,1,005669,前海开源公用事业股票,股票型,2019-12-18,-0.76,1.0606
1881,1,005669,前海开源公用事业股票,股票型,2019-12-17,0.31,1.0687
1882,1,005669,前海开源公用事业股票,股票型,2019-12-16,0.56,1.0654
1883,1,005669,前海开源公用事业股票,股票型,2019-12-13,0.88,1.0595
1884,1,005669,前海开源公用事业股票,股票型,2019-12-12,0.59,1.0503
1885,1,005669,前海开源公用事业股票,股票型,2019-12-11,0.23,1.0441
1886,1,005669,前海开源公用事业股票,股票型,2019-12-10,-0.48,1.0417
1887,1,005669,前海开源公用事业股票,股票型,2019-12-09,-0.1,1.0467
1888,1,005669,前海开源公用事业股票,股票型,2019-12-06,-0.16,1.0477
1889,1,005669,前海开源公用事业股票,股票型,2019-12-05,0.86,1.0494
1890,1,005669,前海开源公用事业股票,股票型,2019-12-04,-0.05,1.0405
1891,1,005669,前海开源公用事业股票,股票型,2019-12-03,0.55,1.0410
1892,1,005669,前海开源公用事业股票,股票型,2019-12-02,0.24,1.0353
1893,1,005669,前海开源公用事业股票,股票型,2019-11-29,-0.61,1.0328
1894,1,005669,前海开源公用事业股票,股票型,2019-11-28,-0.13,1.0391
1895,1,005669,前海开源公用事业股票,股票型,2019-11-27,-0.25,1.0405
1896,1,005669,前海开源公用事业股票,股票型,2019-11-26,0.47,1.0431
1897,1,005669,前海开源公用事业股票,股票型,2019-11-25,0.25,1.0382
1898,1,005669,前海开源公用事业股票,股票型,2019-11-22,-0.06,1.0356
1899,1,005669,前海开源公用事业股票,股票型,2019-11-21,-0.43,1.0362
1900,1,005669,前海开源公用事业股票,股票型,2019-11-20,-0.41,1.0407
1901,1,005669,前海开源公用事业股票,股票型,2019-11-19,0.53,1.0450
1902,1,005669,前海开源公用事业股票,股票型,2019-11-18,0.67,1.0395
1903,1,005669,前海开源公用事业股票,股票型,2019-11-15,-0.67,1.0326
1904,1,005669,前海开源公用事业股票,股票型,2019-11-14,-0.51,1.0396
1905,1,005669,前海开源公用事业股票,股票型,2019-11-13,-0.51,1.0449
1906,1,005669,前海开源公用事业股票,股票型,2019-11-12,0.02,1.0503
1907,1,005669,前海开源公用事业股票,股票型,2019-11-11,-1.23,1.0501
1908,1,005669,前海开源公用事业股票,股票型,2019-11-08,-0.38,1.0632
1909,1,005669,前海开源公用事业股票,股票型,2019-11-07,0.31,1.0673
1910,1,005669,前海开源公用事业股票,股票型,2019-11-06,-0.24,1.0640
1911,1,005669,前海开源公用事业股票,股票型,2019-11-05,0.63,1.0666
1912,1,005669,前海开源公用事业股票,股票型,2019-11-04,0.63,1.0599
1913,1,005669,前海开源公用事业股票,股票型,2019-11-01,0.06,1.0533
1914,1,005669,前海开源公用事业股票,股票型,2019-10-31,-0.13,1.0527
1915,1,005669,前海开源公用事业股票,股票型,2019-10-30,0.14,1.0541
1916,1,005669,前海开源公用事业股票,股票型,2019-10-29,-0.54,1.0526
1917,1,005669,前海开源公用事业股票,股票型,2019-10-28,0.08,1.0583
1918,1,005669,前海开源公用事业股票,股票型,2019-10-25,0.01,1.0575
1919,1,005669,前海开源公用事业股票,股票型,2019-10-24,0.19,1.0574
1920,1,005669,前海开源公用事业股票,股票型,2019-10-23,-0.45,1.0554
1921,1,005669,前海开源公用事业股票,股票型,2019-10-22,0.18,1.0602
1922,1,005669,前海开源公用事业股票,股票型,2019-10-21,-0.48,1.0583
1923,1,005669,前海开源公用事业股票,股票型,2019-10-18,-0.64,1.0634
1924,1,005669,前海开源公用事业股票,股票型,2019-10-17,0.11,1.0703
1925,1,005669,前海开源公用事业股票,股票型,2019-10-16,-0.72,1.0691
1926,1,005669,前海开源公用事业股票,股票型,2019-10-15,-0.23,1.0768
1927,1,005669,前海开源公用事业股票,股票型,2019-10-14,0.34,1.0793
1928,1,005669,前海开源公用事业股票,股票型,2019-10-11,1.09,1.0756
1929,1,005669,前海开源公用事业股票,股票型,2019-10-10,0.7,1.0640
1930,1,005669,前海开源公用事业股票,股票型,2019-10-09,-0.25,1.0566
1931,1,005669,前海开源公用事业股票,股票型,2019-10-08,0.96,1.0592
1932,1,005669,前海开源公用事业股票,股票型,2019-09-30,-0.05,1.0491
1933,1,005669,前海开源公用事业股票,股票型,2019-09-27,-0.69,1.0496
1934,1,005669,前海开源公用事业股票,股票型,2019-09-26,-0.09,1.0569
1935,1,005669,前海开源公用事业股票,股票型,2019-09-25,-0.96,1.0579
1936,1,005669,前海开源公用事业股票,股票型,2019-09-24,0.75,1.0681
1937,1,005669,前海开源公用事业股票,股票型,2019-09-23,-0.53,1.0602
1938,1,005669,前海开源公用事业股票,股票型,2019-09-20,0.22,1.0659
1939,1,005669,前海开源公用事业股票,股票型,2019-09-19,-0.3,1.0636
1940,1,005669,前海开源公用事业股票,股票型,2019-09-18,0.36,1.0668
1941,1,005669,前海开源公用事业股票,股票型,2019-09-17,-0.63,1.0630
1942,1,005669,前海开源公用事业股票,股票型,2019-09-16,0.59,1.0697
1943,1,005669,前海开源公用事业股票,股票型,2019-09-12,0.33,1.0634
1944,1,005669,前海开源公用事业股票,股票型,2019-09-11,-0.12,1.0599
1945,1,005669,前海开源公用事业股票,股票型,2019-09-10,-0.43,1.0612
1946,1,005669,前海开源公用事业股票,股票型,2019-09-09,0.45,1.0658
1947,1,005669,前海开源公用事业股票,股票型,2019-09-06,-0.34,1.0610
1948,1,005669,前海开源公用事业股票,股票型,2019-09-05,0.21,1.0646
1949,1,005669,前海开源公用事业股票,股票型,2019-09-04,-0.16,1.0624
1950,1,005669,前海开源公用事业股票,股票型,2019-09-03,0.18,1.0641
1951,1,005669,前海开源公用事业股票,股票型,2019-09-02,0.16,1.0622
1952,1,005669,前海开源公用事业股票,股票型,2019-08-30,-0.4,1.0605
1953,1,005669,前海开源公用事业股票,股票型,2019-08-29,-0.15,1.0648
1954,1,005669,前海开源公用事业股票,股票型,2019-08-28,0.18,1.0664
1955,1,005669,前海开源公用事业股票,股票型,2019-08-27,0.97,1.0645
1956,1,005669,前海开源公用事业股票,股票型,2019-08-26,-0.82,1.0543
1957,1,005669,前海开源公用事业股票,股票型,2019-08-23,0.66,1.0630
1958,1,005669,前海开源公用事业股票,股票型,2019-08-22,-0.14,1.0560
1959,1,005669,前海开源公用事业股票,股票型,2019-08-21,-0.04,1.0575
1960,1,005669,前海开源公用事业股票,股票型,2019-08-20,-0.28,1.0579
1961,1,005669,前海开源公用事业股票,股票型,2019-08-19,1.66,1.0609
1962,1,005669,前海开源公用事业股票,股票型,2019-08-16,0.39,1.0436
1963,1,005669,前海开源公用事业股票,股票型,2019-08-15,0.52,1.0395
1964,1,005669,前海开源公用事业股票,股票型,2019-08-14,-0.13,1.0341
1965,1,005669,前海开源公用事业股票,股票型,2019-08-13,-0.25,1.0354
1966,1,005669,前海开源公用事业股票,股票型,2019-08-12,0.29,1.0380
1967,1,005669,前海开源公用事业股票,股票型,2019-08-09,-0.32,1.0350
1968,1,005669,前海开源公用事业股票,股票型,2019-08-08,0.9,1.0383
1969,1,005669,前海开源公用事业股票,股票型,2019-08-07,0.68,1.0290
1970,1,005669,前海开源公用事业股票,股票型,2019-08-06,-0.44,1.0221
1971,1,005669,前海开源公用事业股票,股票型,2019-08-05,-1.49,1.0266
1972,1,005669,前海开源公用事业股票,股票型,2019-08-02,-0.51,1.0421
1973,1,005669,前海开源公用事业股票,股票型,2019-08-01,0.09,1.0474
1974,1,005669,前海开源公用事业股票,股票型,2019-07-31,-0.27,1.0465
1975,1,005669,前海开源公用事业股票,股票型,2019-07-30,0.15,1.0493
1976,1,005669,前海开源公用事业股票,股票型,2019-07-29,0.4,1.0477
1977,1,005669,前海开源公用事业股票,股票型,2019-07-26,0.42,1.0435
1978,1,005669,前海开源公用事业股票,股票型,2019-07-25,0.13,1.0391
1979,1,005669,前海开源公用事业股票,股票型,2019-07-24,0.29,1.0377
1980,1,005669,前海开源公用事业股票,股票型,2019-07-23,0.68,1.0347
1981,1,005669,前海开源公用事业股票,股票型,2019-07-22,-0.3,1.0277
1982,1,005669,前海开源公用事业股票,股票型,2019-07-19,0.54,1.0308
1983,1,005669,前海开源公用事业股票,股票型,2019-07-18,-0.27,1.0253
1984,1,005669,前海开源公用事业股票,股票型,2019-07-17,-0.17,1.0281
1985,1,005669,前海开源公用事业股票,股票型,2019-07-16,-0.35,1.0298
1986,1,005669,前海开源公用事业股票,股票型,2019-07-15,0.12,1.0334
1987,1,005669,前海开源公用事业股票,股票型,2019-07-12,0.38,1.0322
1988,1,005669,前海开源公用事业股票,股票型,2019-07-11,-0.14,1.0283
1989,1,005669,前海开源公用事业股票,股票型,2019-07-10,0.55,1.0297
1990,1,005669,前海开源公用事业股票,股票型,2019-07-09,-0.21,1.0241
1991,1,005669,前海开源公用事业股票,股票型,2019-07-08,-1.23,1.0263
1992,1,005669,前海开源公用事业股票,股票型,2019-07-05,0.6,1.0391
1993,1,005669,前海开源公用事业股票,股票型,2019-07-04,-0.06,1.0329
1994,1,005669,前海开源公用事业股票,股票型,2019-07-03,0.02,1.0335
1995,1,005669,前海开源公用事业股票,股票型,2019-07-02,0.37,1.0333
1996,1,005669,前海开源公用事业股票,股票型,2019-07-01,0.73,1.0295
1997,1,005669,前海开源公用事业股票,股票型,2019-06-30,-0.01,1.0220
1998,1,005669,前海开源公用事业股票,股票型,2019-06-28,-0.15,1.0221
1999,1,005669,前海开源公用事业股票,股票型,2019-06-27,0.24,1.0236
2000,1,005669,前海开源公用事业股票,股票型,2019-06-26,0.05,1.0212
2001,1,005669,前海开源公用事业股票,股票型,2019-06-25,-0.4,1.0207
2002,1,005669,前海开源公用事业股票,股票型,2019-06-24,0.34,1.0248
2003,1,005669,前海开源公用事业股票,股票型,2019-06-21,0.07,1.0213
2004,1,005669,前海开源公用事业股票,股票型,2019-06-20,1.06,1.0206
2005,1,005669,前海开源公用事业股票,股票型,2019-06-19,0.83,1.0099
2006,1,005669,前海开源公用事业股票,股票型,2019-06-18,0.35,1.0016
2007,1,005669,前海开源公用事业股票,股票型,2019-06-17,-0.09,0.9981
2008,1,005669,前海开源公用事业股票,股票型,2019-06-14,-0.6,0.9990
2009,1,005669,前海开源公用事业股票,股票型,2019-06-13,-0.26,1.0050
2010,1,005669,前海开源公用事业股票,股票型,2019-06-12,-0.42,1.0076
2011,1,005669,前海开源公用事业股票,股票型,2019-06-11,0.99,1.0118
2012,1,005669,前海开源公用事业股票,股票型,2019-06-10,1.3,1.0019
2013,1,005669,前海开源公用事业股票,股票型,2019-06-06,-0.13,0.9890
2014,1,005669,前海开源公用事业股票,股票型,2019-06-05,0.06,0.9903
2015,1,005669,前海开源公用事业股票,股票型,2019-06-04,-0.55,0.9897
2016,1,005669,前海开源公用事业股票,股票型,2019-06-03,0.2,0.9952
2017,1,005669,前海开源公用事业股票,股票型,2019-05-31,0.39,0.9932
2018,1,005669,前海开源公用事业股票,股票型,2019-05-30,0.64,0.9893
2019,1,005669,前海开源公用事业股票,股票型,2019-05-29,-0.08,0.9830
2020,1,005669,前海开源公用事业股票,股票型,2019-05-28,0.05,0.9838
2021,1,005669,前海开源公用事业股票,股票型,2019-05-27,0.28,0.9833
2022,1,005669,前海开源公用事业股票,股票型,2019-05-24,0.0,0.9806
2023,1,005669,前海开源公用事业股票,股票型,2019-05-23,-0.37,0.9806
2024,1,005669,前海开源公用事业股票,股票型,2019-05-22,0.4,0.9842
2025,1,005669,前海开源公用事业股票,股票型,2019-05-21,0.52,0.9803
2026,1,005669,前海开源公用事业股票,股票型,2019-05-20,-0.82,0.9752
2027,1,005669,前海开源公用事业股票,股票型,2019-05-17,-1.08,0.9833
2028,1,005669,前海开源公用事业股票,股票型,2019-05-16,0.1,0.9940
2029,1,005669,前海开源公用事业股票,股票型,2019-05-15,0.89,0.9930
2030,1,005669,前海开源公用事业股票,股票型,2019-05-14,-0.8,0.9842
2031,1,005669,前海开源公用事业股票,股票型,2019-05-13,-0.33,0.9921
2032,1,005669,前海开源公用事业股票,股票型,2019-05-10,2.11,0.9954
2033,1,005669,前海开源公用事业股票,股票型,2019-05-09,-1.23,0.9748
2034,1,005669,前海开源公用事业股票,股票型,2019-05-08,-0.89,0.9869
2035,1,005669,前海开源公用事业股票,股票型,2019-05-07,1.05,0.9958
2036,1,005669,前海开源公用事业股票,股票型,2019-05-06,-2.49,0.9855
2037,1,005669,前海开源公用事业股票,股票型,2019-04-30,0.39,1.0107
2038,1,005669,前海开源公用事业股票,股票型,2019-04-29,0.63,1.0068
2039,1,005669,前海开源公用事业股票,股票型,2019-04-26,-0.5,1.0005
2040,1,005669,前海开源公用事业股票,股票型,2019-04-25,-0.91,1.0055
2041,1,005669,前海开源公用事业股票,股票型,2019-04-24,0.48,1.0147
2042,1,005669,前海开源公用事业股票,股票型,2019-04-23,-0.31,1.0099
2043,1,005669,前海开源公用事业股票,股票型,2019-04-22,-0.41,1.0130
2044,1,005669,前海开源公用事业股票,股票型,2019-04-19,0.33,1.0172
2045,1,005669,前海开源公用事业股票,股票型,2019-04-18,-0.12,1.0139
2046,1,005669,前海开源公用事业股票,股票型,2019-04-17,-0.21,1.0151
2047,1,005669,前海开源公用事业股票,股票型,2019-04-16,0.64,1.0172
2048,1,005669,前海开源公用事业股票,股票型,2019-04-15,-0.7,1.0107
2049,1,005669,前海开源公用事业股票,股票型,2019-04-12,0.52,1.0178
2050,1,005669,前海开源公用事业股票,股票型,2019-04-11,-0.51,1.0125
2051,1,005669,前海开源公用事业股票,股票型,2019-04-10,0.1,1.0177
2052,1,005669,前海开源公用事业股票,股票型,2019-04-09,0.12,1.0167
2053,1,005669,前海开源公用事业股票,股票型,2019-04-08,-0.53,1.0155
2054,1,005669,前海开源公用事业股票,股票型,2019-04-04,-0.27,1.0209
2055,1,005669,前海开源公用事业股票,股票型,2019-04-03,0.51,1.0237
2056,1,005669,前海开源公用事业股票,股票型,2019-04-02,-0.54,1.0185
2057,1,005669,前海开源公用事业股票,股票型,2019-04-01,0.57,1.0240
2058,1,005669,前海开源公用事业股票,股票型,2019-03-29,0.76,1.0182
2059,1,005669,前海开源公用事业股票,股票型,2019-03-28,0.38,1.0105
2060,1,005669,前海开源公用事业股票,股票型,2019-03-27,-0.16,1.0067
2061,1,005669,前海开源公用事业股票,股票型,2019-03-26,-0.54,1.0083
2062,1,005669,前海开源公用事业股票,股票型,2019-03-25,-0.75,1.0138
2063,1,005669,前海开源公用事业股票,股票型,2019-03-22,-0.23,1.0215
2064,1,005669,前海开源公用事业股票,股票型,2019-03-21,-0.34,1.0239
2065,1,005669,前海开源公用事业股票,股票型,2019-03-20,-0.54,1.0274
2066,1,005669,前海开源公用事业股票,股票型,2019-03-19,-0.06,1.0330
2067,1,005669,前海开源公用事业股票,股票型,2019-03-18,1.66,1.0336
2068,1,005669,前海开源公用事业股票,股票型,2019-03-15,0.28,1.0167
2069,1,005669,前海开源公用事业股票,股票型,2019-03-14,-0.01,1.0139
2070,1,005669,前海开源公用事业股票,股票型,2019-03-13,-1.02,1.0140
2071,1,005669,前海开源公用事业股票,股票型,2019-03-12,0.65,1.0245
2072,1,005669,前海开源公用事业股票,股票型,2019-03-11,1.48,1.0179
2073,1,005669,前海开源公用事业股票,股票型,2019-03-08,-1.82,1.0031
2074,1,005669,前海开源公用事业股票,股票型,2019-03-07,-0.55,1.0217
2075,1,005669,前海开源公用事业股票,股票型,2019-03-06,0.45,1.0273
2076,1,005669,前海开源公用事业股票,股票型,2019-03-05,-0.02,1.0227
2077,1,005669,前海开源公用事业股票,股票型,2019-03-04,0.57,1.0229
2078,1,005669,前海开源公用事业股票,股票型,2019-03-01,0.72,1.0171
2079,1,005669,前海开源公用事业股票,股票型,2019-02-28,-0.37,1.0098
2080,1,005669,前海开源公用事业股票,股票型,2019-02-27,-0.63,1.0136
2081,1,005669,前海开源公用事业股票,股票型,2019-02-26,-0.43,1.0200
2082,1,005669,前海开源公用事业股票,股票型,2019-02-25,0.73,1.0244
2083,1,005669,前海开源公用事业股票,股票型,2019-02-22,0.7,1.0170
2084,1,005669,前海开源公用事业股票,股票型,2019-02-21,-0.61,1.0099
2085,1,005669,前海开源公用事业股票,股票型,2019-02-20,0.46,1.0161
2086,1,005669,前海开源公用事业股票,股票型,2019-02-19,-0.48,1.0114
2087,1,005669,前海开源公用事业股票,股票型,2019-02-18,1.15,1.0163
2088,1,005669,前海开源公用事业股票,股票型,2019-02-15,-0.59,1.0047
2089,1,005669,前海开源公用事业股票,股票型,2019-02-14,-0.26,1.0107
2090,1,005669,前海开源公用事业股票,股票型,2019-02-13,0.88,1.0133
2091,1,005669,前海开源公用事业股票,股票型,2019-02-12,0.62,1.0045
2092,1,005669,前海开源公用事业股票,股票型,2019-02-11,1.23,0.9983
2093,1,005669,前海开源公用事业股票,股票型,2019-02-01,0.41,0.9862
2094,1,005669,前海开源公用事业股票,股票型,2019-01-31,0.34,0.9822
2095,1,005669,前海开源公用事业股票,股票型,2019-01-30,-0.78,0.9789
2096,1,005669,前海开源公用事业股票,股票型,2019-01-29,0.62,0.9866
2097,1,005669,前海开源公用事业股票,股票型,2019-01-28,-0.19,0.9805
2098,1,005669,前海开源公用事业股票,股票型,2019-01-25,-0.59,0.9824
2099,1,005669,前海开源公用事业股票,股票型,2019-01-24,0.23,0.9882
2100,1,005669,前海开源公用事业股票,股票型,2019-01-23,0.63,0.9859
2101,1,005669,前海开源公用事业股票,股票型,2019-01-22,-0.38,0.9797
2102,1,005669,前海开源公用事业股票,股票型,2019-01-21,-0.02,0.9834
2103,1,005669,前海开源公用事业股票,股票型,2019-01-18,0.95,0.9836
2104,1,005669,前海开源公用事业股票,股票型,2019-01-17,-0.06,0.9743
2105,1,005669,前海开源公用事业股票,股票型,2019-01-16,0.53,0.9749
2106,1,005669,前海开源公用事业股票,股票型,2019-01-15,0.7,0.9698
2107,1,005669,前海开源公用事业股票,股票型,2019-01-14,-0.45,0.9631
2108,1,005669,前海开源公用事业股票,股票型,2019-01-11,0.02,0.9675
2109,1,005669,前海开源公用事业股票,股票型,2019-01-10,-0.6,0.9673
2110,1,005669,前海开源公用事业股票,股票型,2019-01-09,-0.22,0.9731
2111,1,005669,前海开源公用事业股票,股票型,2019-01-08,0.49,0.9752
2112,1,005669,前海开源公用事业股票,股票型,2019-01-07,0.51,0.9704
2113,1,005669,前海开源公用事业股票,股票型,2019-01-04,0.92,0.9655
2114,1,005669,前海开源公用事业股票,股票型,2019-01-03,-0.3,0.9567
2115,1,005669,前海开源公用事业股票,股票型,2019-01-02,-1.76,0.9596
2116,1,005669,前海开源公用事业股票,股票型,2018-12-31,0.13,0.9768
2117,1,005669,前海开源公用事业股票,股票型,2018-12-28,0.38,0.9755
2118,1,005669,前海开源公用事业股票,股票型,2018-12-27,0.34,0.9718
2119,1,005669,前海开源公用事业股票,股票型,2018-12-26,-0.03,0.9685
2120,1,005669,前海开源公用事业股票,股票型,2018-12-25,-0.02,0.9688
2121,1,005669,前海开源公用事业股票,股票型,2018-12-24,-0.18,0.9690
2122,1,005669,前海开源公用事业股票,股票型,2018-12-21,-0.3,0.9707
2123,1,005669,前海开源公用事业股票,股票型,2018-12-20,0.35,0.9736
2124,1,005669,前海开源公用事业股票,股票型,2018-12-19,-0.3,0.9702
2125,1,005669,前海开源公用事业股票,股票型,2018-12-18,-0.07,0.9731
2126,1,005669,前海开源公用事业股票,股票型,2018-12-17,-0.01,0.9738
2127,1,005669,前海开源公用事业股票,股票型,2018-12-14,-0.98,0.9739
2128,1,005669,前海开源公用事业股票,股票型,2018-12-13,0.72,0.9835
2129,1,005669,前海开源公用事业股票,股票型,2018-12-12,1.24,0.9765
2130,1,005669,前海开源公用事业股票,股票型,2018-12-11,0.26,0.9645
2131,1,005669,前海开源公用事业股票,股票型,2018-12-10,-0.72,0.9620
2132,1,005669,前海开源公用事业股票,股票型,2018-12-07,0.42,0.9690
2133,1,005669,前海开源公用事业股票,股票型,2018-12-06,-0.79,0.9649
2134,1,005669,前海开源公用事业股票,股票型,2018-12-05,-0.15,0.9726
2135,1,005669,前海开源公用事业股票,股票型,2018-12-04,0.38,0.9741
2136,1,005669,前海开源公用事业股票,股票型,2018-12-03,1.0,0.9704
2137,1,005669,前海开源公用事业股票,股票型,2018-11-30,0.85,0.9608
2138,1,005669,前海开源公用事业股票,股票型,2018-11-29,-0.74,0.9527
2139,1,005669,前海开源公用事业股票,股票型,2018-11-28,0.33,0.9598
2140,1,005669,前海开源公用事业股票,股票型,2018-11-27,0.3,0.9566
2141,1,005669,前海开源公用事业股票,股票型,2018-11-26,0.87,0.9537
2142,1,005669,前海开源公用事业股票,股票型,2018-11-23,-0.89,0.9455
2143,1,005669,前海开源公用事业股票,股票型,2018-11-22,-0.02,0.9540
2144,1,005669,前海开源公用事业股票,股票型,2018-11-21,0.45,0.9542
2145,1,005669,前海开源公用事业股票,股票型,2018-11-20,-1.63,0.9499
2146,1,005669,前海开源公用事业股票,股票型,2018-11-19,0.46,0.9656
2147,1,005669,前海开源公用事业股票,股票型,2018-11-16,-0.27,0.9612
2148,1,005669,前海开源公用事业股票,股票型,2018-11-15,0.9,0.9638
2149,1,005669,前海开源公用事业股票,股票型,2018-11-14,-0.46,0.9552
2150,1,005669,前海开源公用事业股票,股票型,2018-11-13,0.71,0.9596
2151,1,005669,前海开源公用事业股票,股票型,2018-11-12,1.48,0.9528
2152,1,005669,前海开源公用事业股票,股票型,2018-11-09,-1.07,0.9389
2153,1,005669,前海开源公用事业股票,股票型,2018-11-08,0.6,0.9491
2154,1,005669,前海开源公用事业股票,股票型,2018-11-07,-0.18,0.9434
2155,1,005669,前海开源公用事业股票,股票型,2018-11-06,-0.12,0.9451
2156,1,005669,前海开源公用事业股票,股票型,2018-11-05,-0.87,0.9462
2157,1,005669,前海开源公用事业股票,股票型,2018-11-02,1.65,0.9545
2158,1,005669,前海开源公用事业股票,股票型,2018-11-01,0.25,0.9390
2159,1,005669,前海开源公用事业股票,股票型,2018-10-31,1.57,0.9367
2160,1,005669,前海开源公用事业股票,股票型,2018-10-30,0.57,0.9222
2161,1,005669,前海开源公用事业股票,股票型,2018-10-29,-0.84,0.9170
2162,1,005669,前海开源公用事业股票,股票型,2018-10-26,-0.3,0.9248
2163,1,005669,前海开源公用事业股票,股票型,2018-10-25,-0.49,0.9276
2164,1,005669,前海开源公用事业股票,股票型,2018-10-24,-0.3,0.9322
2165,1,005669,前海开源公用事业股票,股票型,2018-10-23,-2.33,0.9350
2166,1,005669,前海开源公用事业股票,股票型,2018-10-22,1.76,0.9573
2167,1,005669,前海开源公用事业股票,股票型,2018-10-19,0.88,0.9407
2168,1,005669,前海开源公用事业股票,股票型,2018-10-18,-0.7,0.9325
2169,1,005669,前海开源公用事业股票,股票型,2018-10-17,0.36,0.9391
2170,1,005669,前海开源公用事业股票,股票型,2018-10-16,0.33,0.9357
2171,1,005669,前海开源公用事业股票,股票型,2018-10-15,-1.16,0.9326
2172,1,005669,前海开源公用事业股票,股票型,2018-10-12,0.04,0.9435
2173,1,005669,前海开源公用事业股票,股票型,2018-10-11,-2.71,0.9431
2174,1,005669,前海开源公用事业股票,股票型,2018-10-10,0.42,0.9694
2175,1,005669,前海开源公用事业股票,股票型,2018-10-09,-0.03,0.9653
2176,1,005669,前海开源公用事业股票,股票型,2018-10-08,-2.76,0.9656
2177,1,005669,前海开源公用事业股票,股票型,2018-09-28,0.2,0.9930
2178,1,005669,前海开源公用事业股票,股票型,2018-09-27,0.5,0.9910
2179,1,005669,前海开源公用事业股票,股票型,2018-09-26,-0.6,0.9861
2180,1,005669,前海开源公用事业股票,股票型,2018-09-25,0.2,0.9921
2181,1,005669,前海开源公用事业股票,股票型,2018-09-21,0.46,0.9901
2182,1,005669,前海开源公用事业股票,股票型,2018-09-20,0.05,0.9856
2183,1,005669,前海开源公用事业股票,股票型,2018-09-19,0.62,0.9851
2184,1,005669,前海开源公用事业股票,股票型,2018-09-18,1.27,0.9790
2185,1,005669,前海开源公用事业股票,股票型,2018-09-17,-0.64,0.9667
2186,1,005669,前海开源公用事业股票,股票型,2018-09-14,0.08,0.9729
2187,1,005669,前海开源公用事业股票,股票型,2018-09-13,0.75,0.9721
2188,1,005669,前海开源公用事业股票,股票型,2018-09-12,0.03,0.9649
2189,1,005669,前海开源公用事业股票,股票型,2018-09-11,-0.01,0.9646
2190,1,005669,前海开源公用事业股票,股票型,2018-09-10,-0.37,0.9647
2191,1,005669,前海开源公用事业股票,股票型,2018-09-07,-0.2,0.9683
2192,1,005669,前海开源公用事业股票,股票型,2018-09-06,-0.22,0.9702
2193,1,005669,前海开源公用事业股票,股票型,2018-09-05,-0.91,0.9723
2194,1,005669,前海开源公用事业股票,股票型,2018-09-04,0.62,0.9812
2195,1,005669,前海开源公用事业股票,股票型,2018-09-03,0.0,0.9752
2196,1,005669,前海开源公用事业股票,股票型,2018-08-31,-0.56,0.9752
2197,1,005669,前海开源公用事业股票,股票型,2018-08-30,-0.19,0.9807
2198,1,005669,前海开源公用事业股票,股票型,2018-08-29,-0.4,0.9826
2199,1,005669,前海开源公用事业股票,股票型,2018-08-28,-0.46,0.9865
2200,1,005669,前海开源公用事业股票,股票型,2018-08-27,0.98,0.9911
2201,1,005669,前海开源公用事业股票,股票型,2018-08-24,0.08,0.9815
2202,1,005669,前海开源公用事业股票,股票型,2018-08-23,-0.44,0.9807
2203,1,005669,前海开源公用事业股票,股票型,2018-08-22,-0.46,0.9850
2204,1,005669,前海开源公用事业股票,股票型,2018-08-21,0.4,0.9896
2205,1,005669,前海开源公用事业股票,股票型,2018-08-20,0.83,0.9857
2206,1,005669,前海开源公用事业股票,股票型,2018-08-17,0.14,0.9776
2207,1,005669,前海开源公用事业股票,股票型,2018-08-16,-0.19,0.9762
2208,1,005669,前海开源公用事业股票,股票型,2018-08-15,-1.65,0.9781
2209,1,005669,前海开源公用事业股票,股票型,2018-08-14,-0.38,0.9945
2210,1,005669,前海开源公用事业股票,股票型,2018-08-13,-0.09,0.9983
2211,1,005669,前海开源公用事业股票,股票型,2018-08-10,-0.88,0.9992
2212,1,005669,前海开源公用事业股票,股票型,2018-08-09,0.44,1.0081
2213,1,005669,前海开源公用事业股票,股票型,2018-08-08,-0.3,1.0037
2214,1,005669,前海开源公用事业股票,股票型,2018-08-07,0.59,1.0067
2215,1,005669,前海开源公用事业股票,股票型,2018-08-06,-0.92,1.0008
2216,1,005669,前海开源公用事业股票,股票型,2018-08-03,-0.28,1.0101
2217,1,005669,前海开源公用事业股票,股票型,2018-08-02,-0.76,1.0129
2218,1,005669,前海开源公用事业股票,股票型,2018-08-01,-0.2,1.0207
2219,1,005669,前海开源公用事业股票,股票型,2018-07-31,-0.17,1.0227
2220,1,005669,前海开源公用事业股票,股票型,2018-07-30,0.28,1.0244
2221,1,005669,前海开源公用事业股票,股票型,2018-07-27,-0.06,1.0215
2222,1,005669,前海开源公用事业股票,股票型,2018-07-26,-0.09,1.0221
2223,1,005669,前海开源公用事业股票,股票型,2018-07-25,-0.22,1.0230
2224,1,005669,前海开源公用事业股票,股票型,2018-07-24,-0.16,1.0253
2225,1,005669,前海开源公用事业股票,股票型,2018-07-23,0.24,1.0269
2226,1,005669,前海开源公用事业股票,股票型,2018-07-20,0.87,1.0244
2227,1,005669,前海开源公用事业股票,股票型,2018-07-19,0.49,1.0156
2228,1,005669,前海开源公用事业股票,股票型,2018-07-18,1.17,1.0106
2229,1,005669,前海开源公用事业股票,股票型,2018-07-17,-0.17,0.9989
2230,1,005669,前海开源公用事业股票,股票型,2018-07-16,0.15,1.0006
2231,1,005669,前海开源公用事业股票,股票型,2018-07-13,0.12,0.9991
2232,1,005669,前海开源公用事业股票,股票型,2018-07-12,0.71,0.9979
2233,1,005669,前海开源公用事业股票,股票型,2018-07-11,-0.56,0.9909
2234,1,005669,前海开源公用事业股票,股票型,2018-07-10,0.22,0.9965
2235,1,005669,前海开源公用事业股票,股票型,2018-07-09,0.89,0.9943
2236,1,005669,前海开源公用事业股票,股票型,2018-07-06,-0.16,0.9855
2237,1,005669,前海开源公用事业股票,股票型,2018-07-05,-0.26,0.9871
2238,1,005669,前海开源公用事业股票,股票型,2018-07-04,-0.2,0.9897
2239,1,005669,前海开源公用事业股票,股票型,2018-07-03,0.53,0.9917
2240,1,005669,前海开源公用事业股票,股票型,2018-07-02,-0.16,0.9865
2241,1,005669,前海开源公用事业股票,股票型,2018-06-30,0.0,0.9881
2242,1,005669,前海开源公用事业股票,股票型,2018-06-29,0.87,0.9881
2243,1,005669,前海开源公用事业股票,股票型,2018-06-28,-0.43,0.9796
2244,1,005669,前海开源公用事业股票,股票型,2018-06-27,-0.44,0.9838
2245,1,005669,前海开源公用事业股票,股票型,2018-06-26,-0.29,0.9881
2246,1,005669,前海开源公用事业股票,股票型,2018-06-25,-0.13,0.9910
2247,1,005669,前海开源公用事业股票,股票型,2018-06-22,0.18,0.9923
2248,1,005669,前海开源公用事业股票,股票型,2018-06-21,-0.44,0.9905
2249,1,005669,前海开源公用事业股票,股票型,2018-06-20,0.0,0.9949
2250,1,005669,前海开源公用事业股票,股票型,2018-06-19,-1.07,0.9949
2251,1,005669,前海开源公用事业股票,股票型,2018-06-15,-0.11,1.0057
2252,1,005669,前海开源公用事业股票,股票型,2018-06-14,-0.14,1.0068
2253,1,005669,前海开源公用事业股票,股票型,2018-06-13,-0.11,1.0082
2254,1,005669,前海开源公用事业股票,股票型,2018-06-12,0.39,1.0093
2255,1,005669,前海开源公用事业股票,股票型,2018-06-11,0.04,1.0054
2256,1,005669,前海开源公用事业股票,股票型,2018-06-08,-0.3,1.0050
2257,1,005669,前海开源公用事业股票,股票型,2018-06-07,-0.32,1.0080
2258,1,005669,前海开源公用事业股票,股票型,2018-06-06,0.14,1.0112
2259,1,005669,前海开源公用事业股票,股票型,2018-06-05,0.06,1.0098
2260,1,005669,前海开源公用事业股票,股票型,2018-06-04,-0.04,1.0092
2261,1,005669,前海开源公用事业股票,股票型,2018-06-01,-0.26,1.0096
2262,1,005669,前海开源公用事业股票,股票型,2018-05-31,0.66,1.0122
2263,1,005669,前海开源公用事业股票,股票型,2018-05-30,-0.39,1.0056
2264,1,005669,前海开源公用事业股票,股票型,2018-05-29,0.03,1.0095
2265,1,005669,前海开源公用事业股票,股票型,2018-05-28,-0.08,1.0092
2266,1,005669,前海开源公用事业股票,股票型,2018-05-25,-0.06,1.0100
2267,1,005669,前海开源公用事业股票,股票型,2018-05-24,-0.17,1.0106
2268,1,005669,前海开源公用事业股票,股票型,2018-05-23,0.16,1.0123
2269,1,005669,前海开源公用事业股票,股票型,2018-05-22,-0.06,1.0107
2270,1,005669,前海开源公用事业股票,股票型,2018-05-21,0.14,1.0113
2271,1,005669,前海开源公用事业股票,股票型,2018-05-18,0.17,1.0099
2272,1,005669,前海开源公用事业股票,股票型,2018-05-17,-0.17,1.0082
2273,1,005669,前海开源公用事业股票,股票型,2018-05-16,0.04,1.0099
2274,1,005669,前海开源公用事业股票,股票型,2018-05-15,0.27,1.0095
2275,1,005669,前海开源公用事业股票,股票型,2018-05-14,0.17,1.0068
2276,1,005669,前海开源公用事业股票,股票型,2018-05-11,-0.08,1.0051
2277,1,005669,前海开源公用事业股票,股票型,2018-05-10,0.0,1.0059
2278,1,005669,前海开源公用事业股票,股票型,2018-05-09,0.0,1.0059
2279,1,005669,前海开源公用事业股票,股票型,2018-05-08,0.04,1.0059
2280,1,005669,前海开源公用事业股票,股票型,2018-05-07,0.1,1.0055
2281,1,005669,前海开源公用事业股票,股票型,2018-05-04,0.01,1.0045
2282,1,005669,前海开源公用事业股票,股票型,2018-05-03,-0.01,1.0044
2283,1,005669,前海开源公用事业股票,股票型,2018-05-02,0.06,1.0045
2284,1,005669,前海开源公用事业股票,股票型,2018-04-27,0.22,1.0039
2285,1,005669,前海开源公用事业股票,股票型,2018-04-26,-0.05,1.0017
2286,1,005669,前海开源公用事业股票,股票型,2018-04-25,-0.04,1.0022
2287,1,005669,前海开源公用事业股票,股票型,2018-04-24,0.36,1.0026
2288,1,005669,前海开源公用事业股票,股票型,2018-04-23,0.0,0.9990
2289,1,005669,前海开源公用事业股票,股票型,2018-04-20,-0.05,0.9990
2290,1,005669,前海开源公用事业股票,股票型,2018-04-13,-0.01,0.9995
2291,1,005669,前海开源公用事业股票,股票型,2018-04-04,-0.02,0.9996
2292,1,005669,前海开源公用事业股票,股票型,2018-03-30,-0.02,0.9998
2293,1,005669,前海开源公用事业股票,股票型,2018-03-23,None,1.0000
